age,sex,trestbps,chol,restecg,slope,ca,thal,num
63,1,145,233,2,3,0.0,6.0,0
67,1,160,286,2,2,3.0,3.0,2
67,1,120,229,2,2,2.0,7.0,1
37,1,130,250,0,3,0.0,3.0,0
41,0,130,204,2,1,0.0,3.0,0
56,1,120,236,0,1,0.0,3.0,0
62,0,140,268,2,3,2.0,3.0,3
57,0,120,354,0,1,0.0,3.0,0
63,1,130,254,2,2,1.0,7.0,2
53,1,140,203,2,3,0.0,7.0,1
57,1,140,192,0,2,0.0,6.0,0
56,0,140,294,2,2,0.0,3.0,0
56,1,130,256,2,2,1.0,6.0,2
44,1,120,263,0,1,0.0,7.0,0
52,1,172,199,0,1,0.0,7.0,0
57,1,150,168,0,1,0.0,3.0,0
48,1,110,229,0,3,0.0,7.0,1
54,1,140,239,0,1,0.0,3.0,0
48,0,130,275,0,1,0.0,3.0,0
49,1,130,266,0,1,0.0,3.0,0
64,1,110,211,2,2,0.0,3.0,0
58,0,150,283,2,1,0.0,3.0,0
58,1,120,284,2,2,0.0,3.0,1
58,1,132,224,2,1,2.0,7.0,3
60,1,130,206,2,2,2.0,7.0,4
50,0,120,219,0,2,0.0,3.0,0
58,0,120,340,0,1,0.0,3.0,0
66,0,150,226,0,3,0.0,3.0,0
43,1,150,247,0,1,0.0,3.0,0
40,1,110,167,2,2,0.0,7.0,3
69,0,140,239,0,1,2.0,3.0,0
60,1,117,230,0,1,2.0,7.0,2
64,1,140,335,0,1,0.0,3.0,1
59,1,135,234,0,2,0.0,7.0,0
44,1,130,233,0,1,0.0,3.0,0
42,1,140,226,0,1,0.0,3.0,0
43,1,120,177,2,2,0.0,7.0,3
57,1,150,276,2,2,1.0,6.0,1
55,1,132,353,0,2,1.0,7.0,3
61,1,150,243,0,2,0.0,3.0,0
65,0,150,225,2,2,3.0,7.0,4
40,1,140,199,0,1,0.0,7.0,0
71,0,160,302,0,1,2.0,3.0,0
59,1,150,212,0,1,0.0,3.0,0
61,0,130,330,2,1,0.0,3.0,1
58,1,112,230,2,2,1.0,7.0,4
51,1,110,175,0,1,0.0,3.0,0
50,1,150,243,2,2,0.0,7.0,4
65,0,140,417,2,1,1.0,3.0,0
53,1,130,197,2,3,0.0,3.0,0
41,0,105,198,0,1,1.0,3.0,0
65,1,120,177,0,1,0.0,7.0,0
44,1,112,290,2,1,1.0,3.0,2
44,1,130,219,2,1,0.0,3.0,0
60,1,130,253,0,1,1.0,7.0,1
54,1,124,266,2,2,1.0,7.0,1
50,1,140,233,0,2,1.0,7.0,1
41,1,110,172,2,1,0.0,7.0,1
54,1,125,273,2,3,1.0,3.0,0
51,1,125,213,2,1,1.0,3.0,0
51,0,130,305,0,2,0.0,7.0,2
46,0,142,177,2,3,0.0,3.0,0
58,1,128,216,2,2,3.0,7.0,1
54,0,135,304,0,1,0.0,3.0,0
54,1,120,188,0,2,1.0,7.0,2
60,1,145,282,2,2,2.0,7.0,2
60,1,140,185,2,2,0.0,3.0,1
54,1,150,232,2,1,0.0,7.0,0
59,1,170,326,2,3,0.0,7.0,2
46,1,150,231,0,2,0.0,3.0,1
65,0,155,269,0,1,0.0,3.0,0
67,1,125,254,0,2,2.0,7.0,3
62,1,120,267,0,2,2.0,7.0,1
65,1,110,248,2,1,2.0,6.0,1
44,1,110,197,2,1,1.0,3.0,1
65,0,160,360,2,1,0.0,3.0,0
60,1,125,258,2,2,1.0,7.0,1
51,0,140,308,2,1,1.0,3.0,0
48,1,130,245,2,2,0.0,3.0,0
58,1,150,270,2,1,0.0,7.0,3
45,1,104,208,2,2,0.0,3.0,0
53,0,130,264,2,2,0.0,3.0,0
39,1,140,321,2,1,0.0,3.0,0
68,1,180,274,2,2,0.0,7.0,3
52,1,120,325,0,1,0.0,3.0,0
44,1,140,235,2,1,0.0,3.0,0
47,1,138,257,2,1,0.0,3.0,0
53,0,128,216,2,1,0.0,3.0,0
53,0,138,234,2,1,0.0,3.0,0
51,0,130,256,2,1,0.0,3.0,0
66,1,120,302,2,2,0.0,3.0,0
62,0,160,164,2,3,3.0,7.0,3
62,1,130,231,0,2,3.0,7.0,0
44,0,108,141,0,2,0.0,3.0,0
63,0,135,252,2,1,0.0,3.0,0
52,1,128,255,0,1,1.0,7.0,1
59,1,110,239,2,2,1.0,7.0,2
60,0,150,258,2,2,2.0,7.0,3
52,1,134,201,0,1,1.0,3.0,0
48,1,122,222,2,1,0.0,3.0,0
45,1,115,260,2,1,0.0,3.0,0
34,1,118,182,2,1,0.0,3.0,0
57,0,128,303,2,1,1.0,3.0,0
71,0,110,265,2,1,1.0,3.0,0
49,1,120,188,0,2,3.0,7.0,3
54,1,108,309,0,1,0.0,7.0,0
59,1,140,177,0,1,1.0,7.0,2
57,1,128,229,2,2,1.0,7.0,1
61,1,120,260,0,2,1.0,7.0,2
39,1,118,219,0,2,0.0,7.0,3
61,0,145,307,2,2,0.0,7.0,1
56,1,125,249,2,2,1.0,3.0,1
52,1,118,186,2,2,0.0,6.0,0
43,0,132,341,2,2,0.0,7.0,2
62,0,130,263,0,2,1.0,7.0,2
41,1,135,203,0,2,0.0,6.0,0
58,1,140,211,2,1,0.0,3.0,0
35,0,138,183,0,1,0.0,3.0,0
63,1,130,330,2,1,3.0,7.0,3
65,1,135,254,2,2,1.0,7.0,2
48,1,130,256,2,1,2.0,7.0,3
63,0,150,407,2,2,3.0,7.0,4
51,1,100,222,0,2,0.0,3.0,0
55,1,140,217,0,3,0.0,7.0,3
65,1,138,282,2,2,1.0,3.0,1
45,0,130,234,2,2,0.0,3.0,0
56,0,200,288,2,3,2.0,7.0,3
54,1,110,239,0,2,1.0,7.0,3
44,1,120,220,0,1,0.0,3.0,0
62,0,124,209,0,1,0.0,3.0,0
54,1,120,258,2,2,0.0,7.0,0
51,1,94,227,0,1,1.0,7.0,0
29,1,130,204,2,1,0.0,3.0,0
51,1,140,261,2,1,0.0,3.0,0
43,0,122,213,0,2,0.0,3.0,0
55,0,135,250,2,2,0.0,3.0,0
70,1,145,174,0,3,0.0,7.0,4
62,1,120,281,2,2,1.0,7.0,3
35,1,120,198,0,2,0.0,7.0,1
51,1,125,245,2,2,0.0,3.0,0
59,1,140,221,0,1,0.0,3.0,0
59,1,170,288,2,2,0.0,7.0,1
52,1,128,205,0,1,0.0,3.0,0
64,1,125,309,0,2,0.0,7.0,1
58,1,105,240,2,2,0.0,7.0,0
47,1,108,243,0,1,0.0,3.0,1
57,1,165,289,2,2,3.0,7.0,4
41,1,112,250,0,1,0.0,3.0,0
45,1,128,308,2,1,0.0,3.0,0
60,0,102,318,0,1,1.0,3.0,0
52,1,152,298,0,2,0.0,7.0,0
42,0,102,265,2,2,0.0,3.0,0
67,0,115,564,2,2,0.0,7.0,0
55,1,160,289,2,2,1.0,7.0,4
64,1,120,246,2,3,1.0,3.0,3
70,1,130,322,2,2,3.0,3.0,1
51,1,140,299,0,1,0.0,7.0,1
58,1,125,300,2,1,2.0,7.0,1
60,1,140,293,2,2,2.0,7.0,2
68,1,118,277,0,1,1.0,7.0,0
46,1,101,197,0,1,0.0,7.0,0
77,1,125,304,2,1,3.0,3.0,4
54,0,110,214,0,2,0.0,3.0,0
58,0,100,248,2,2,0.0,3.0,0
48,1,124,255,0,1,2.0,3.0,0
57,1,132,207,0,1,0.0,7.0,0
52,1,138,223,0,1,0.0,3.0,0
54,0,132,288,2,1,1.0,3.0,0
35,1,126,282,2,1,0.0,7.0,1
45,0,112,160,0,2,0.0,3.0,0
70,1,160,269,0,2,1.0,7.0,3
53,1,142,226,2,1,0.0,7.0,0
59,0,174,249,0,2,0.0,3.0,1
62,0,140,394,2,2,0.0,3.0,0
64,1,145,212,2,2,2.0,6.0,4
57,1,152,274,0,2,1.0,7.0,1
52,1,108,233,0,1,3.0,7.0,0
56,1,132,184,2,2,1.0,6.0,1
43,1,130,315,0,1,1.0,3.0,0
53,1,130,246,2,1,3.0,3.0,0
48,1,124,274,2,2,0.0,7.0,3
56,0,134,409,2,2,2.0,7.0,2
42,1,148,244,2,1,2.0,3.0,0
59,1,178,270,2,3,0.0,7.0,0
60,0,158,305,2,1,0.0,3.0,1
63,0,140,195,0,1,2.0,3.0,0
42,1,120,240,0,3,0.0,7.0,0
66,1,160,246,0,2,3.0,6.0,2
54,1,192,283,2,1,1.0,7.0,1
69,1,140,254,2,2,3.0,7.0,2
50,1,129,196,0,1,0.0,3.0,0
51,1,140,298,0,2,3.0,7.0,3
43,1,132,247,2,2,0.0,7.0,1
62,0,138,294,0,2,3.0,3.0,2
68,0,120,211,2,2,0.0,3.0,0
67,1,100,299,2,2,2.0,3.0,3
69,1,160,234,2,2,1.0,3.0,0
45,0,138,236,2,2,0.0,3.0,0
50,0,120,244,0,1,0.0,3.0,0
59,1,160,273,2,1,0.0,3.0,1
50,0,110,254,2,1,0.0,3.0,0
64,0,180,325,0,1,0.0,3.0,0
57,1,150,126,0,1,1.0,7.0,0
64,0,140,313,0,1,0.0,7.0,0
43,1,110,211,0,1,0.0,7.0,0
45,1,142,309,2,2,3.0,7.0,3
58,1,128,259,2,2,2.0,7.0,3
50,1,144,200,2,2,0.0,7.0,3
55,1,130,262,0,1,0.0,3.0,0
62,0,150,244,0,2,0.0,3.0,1
37,0,120,215,0,1,0.0,3.0,0
38,1,120,231,0,2,0.0,7.0,4
41,1,130,214,2,2,0.0,3.0,0
66,0,178,228,0,2,2.0,7.0,3
52,1,112,230,0,1,1.0,3.0,1
56,1,120,193,2,2,0.0,7.0,0
46,0,105,204,0,1,0.0,3.0,0
46,0,138,243,2,2,0.0,3.0,0
64,0,130,303,0,2,2.0,3.0,0
59,1,138,271,2,1,0.0,3.0,0
41,0,112,268,2,1,0.0,3.0,0
54,0,108,267,2,1,0.0,3.0,0
39,0,94,199,0,1,0.0,3.0,0
53,1,123,282,0,2,2.0,7.0,3
63,0,108,269,0,2,2.0,3.0,1
34,0,118,210,0,1,0.0,3.0,0
47,1,112,204,0,1,0.0,3.0,0
67,0,152,277,0,1,1.0,3.0,0
54,1,110,206,2,2,1.0,3.0,3
66,1,112,212,2,1,1.0,3.0,2
52,0,136,196,2,2,0.0,3.0,0
55,0,180,327,1,2,0.0,3.0,2
49,1,118,149,2,1,3.0,3.0,1
74,0,120,269,2,1,1.0,3.0,0
54,0,160,201,0,1,1.0,3.0,0
54,1,122,286,2,2,2.0,3.0,3
56,1,130,283,2,3,0.0,7.0,2
46,1,120,249,2,1,0.0,7.0,1
49,0,134,271,0,2,0.0,3.0,0
42,1,120,295,0,1,0.0,3.0,0
41,1,110,235,0,1,0.0,3.0,0
41,0,126,306,0,1,0.0,3.0,0
49,0,130,269,0,1,0.0,3.0,0
61,1,134,234,0,2,2.0,3.0,2
60,0,120,178,0,1,0.0,3.0,0
67,1,120,237,0,2,0.0,3.0,2
58,1,100,234,0,1,1.0,7.0,2
47,1,110,275,2,2,1.0,3.0,1
52,1,125,212,0,1,2.0,7.0,3
62,1,128,208,2,1,0.0,3.0,0
57,1,110,201,0,2,0.0,6.0,0
58,1,146,218,0,2,1.0,7.0,1
64,1,128,263,0,2,1.0,7.0,0
51,0,120,295,2,1,0.0,3.0,0
43,1,115,303,0,2,0.0,3.0,0
42,0,120,209,0,2,0.0,3.0,0
67,0,106,223,0,1,2.0,3.0,0
76,0,140,197,1,2,0.0,3.0,0
70,1,156,245,2,1,0.0,3.0,0
57,1,124,261,0,1,0.0,7.0,1
44,0,118,242,0,2,1.0,3.0,0
58,0,136,319,2,1,2.0,3.0,3
60,0,150,240,0,1,0.0,3.0,0
44,1,120,226,0,1,0.0,3.0,0
61,1,138,166,2,2,1.0,3.0,4
42,1,136,315,0,2,0.0,6.0,2
52,1,128,204,0,2,0.0,3.0,2
59,1,126,218,0,2,1.0,6.0,2
40,1,152,223,0,1,0.0,7.0,1
42,1,130,180,0,1,0.0,3.0,0
61,1,140,207,2,1,1.0,7.0,1
66,1,160,228,2,1,0.0,6.0,0
46,1,140,311,0,2,2.0,7.0,2
71,0,112,149,0,2,0.0,3.0,0
59,1,134,204,0,1,2.0,3.0,1
64,1,170,227,2,2,0.0,7.0,0
66,0,146,278,2,2,1.0,3.0,0
39,0,138,220,0,2,0.0,3.0,0
57,1,154,232,2,1,1.0,3.0,1
58,0,130,197,0,2,0.0,3.0,0
57,1,110,335,0,2,1.0,7.0,2
47,1,130,253,0,1,0.0,3.0,0
55,0,128,205,1,2,1.0,7.0,3
35,1,122,192,0,1,0.0,3.0,0
61,1,148,203,0,1,1.0,7.0,2
58,1,114,318,1,3,3.0,6.0,4
58,0,170,225,2,2,2.0,6.0,2
58,1,125,220,0,2,0.0,7.0,0
56,1,130,221,2,1,0.0,7.0,0
56,1,120,240,0,3,0.0,3.0,0
67,1,152,212,2,2,0.0,7.0,1
55,0,132,342,0,1,0.0,3.0,0
44,1,120,169,0,3,0.0,6.0,2
63,1,140,187,2,1,2.0,7.0,2
63,0,124,197,0,2,0.0,3.0,1
41,1,120,157,0,1,0.0,3.0,0
59,1,164,176,2,2,2.0,6.0,3
57,0,140,241,0,2,0.0,7.0,1
45,1,110,264,0,2,0.0,7.0,1
68,1,144,193,0,2,2.0,7.0,2
57,1,130,131,0,2,1.0,7.0,3
57,0,130,236,2,2,1.0,3.0,1
38,1,138,175,0,1,0.0,3.0,0
